,sub_start,sub_end,lag,Wald,cv10,cv5,cv1,ratio_5pct
0,1,21,1,0.692343829519943,0.32221094836369335,0.5034254771231563,0.8023165976806574,1.3752657761310922
1,2,22,1,0.7247084459173058,0.21688266507774537,0.34923380560484774,0.6484914536522666,2.0751383007213837
2,3,23,3,0.18444822780015957,4.971976952685859,9.932021313383192,19.55735983606702,0.018571066450654854
3,4,24,3,0.28856693538237427,4.93713250064138,7.519421541637671,28.718677794558065,0.03837621468413203
4,5,25,2,0.14723199268987283,4.757459085570803,7.3576050429669415,37.65774936631226,0.020010858401622193
5,6,26,1,0.1651334406948014,0.22974245497373857,0.386104230353258,0.591596245513158,0.427691353041421
6,7,27,1,0.10107036445352584,0.16291773029462395,0.3311966387266808,1.0519786201862862,0.3051672409541991
7,8,28,1,0.08762066826801414,0.2267536605958123,0.49608116490118154,2.086391917730575,0.17662567028818363
8,9,29,3,1.5940445170068858,6.060099462055348,9.295893557529109,25.9563818231222,0.1714783530105943
9,10,30,3,0.6029396878008848,7.211378237816206,11.06032405083083,20.096804955614907,0.054513745260076095
10,11,31,2,0.12154942536506523,3.3492080995008005,5.6977978933018685,15.194100405974023,0.02133270214936098
11,12,32,1,0.0023008333549239765,0.02698157038717481,0.10908759660559639,0.337506422952961,0.02109161285533299
12,13,33,1,0.0019508339949702886,0.07463755414799433,0.12309666835130396,0.22602665099491395,0.015847983711491112
13,14,34,1,0.0025186137604244242,0.061963560204563756,0.16642326194062917,0.5115494731637713,0.01513378437037804
14,15,35,1,0.004668793509941413,0.07032732379235193,0.09487702464768255,0.3024249102053336,0.04920889464312952
15,16,36,3,0.7848487360121561,4.495375145783029,8.265981326580697,18.659459709483812,0.09494925103306716
16,17,37,2,0.05574590397881063,5.3652245007289,10.239233679679952,15.958172466092925,0.0054443433681409135
17,18,38,1,0.05050354545406571,1.088226680720355,1.813000633277495,3.3403318868139213,0.027856330840197625
18,19,39,1,0.05692727142528383,2.0161528727270106,2.9637212099836274,10.658615037165951,0.01920803860819227
19,20,40,1,0.0003427947429218663,0.8828983769334606,1.115972218966482,6.331386789455381,0.0003071713946780265
20,21,41,1,4.361275708474765e-05,0.5383116252789326,1.2310029006919176,3.0147235643248136,3.542863876294195e-05
21,22,42,1,4.5992390449646196e-05,0.557174352345466,0.7758406832702822,1.5630025328849955,5.928071502487022e-05
22,23,43,1,0.0034282008761301695,0.6099650978385194,1.0612114980636784,1.541158942479547,0.0032304596043158016
23,24,44,2,0.15685147021035004,3.2446813931843224,4.928421598975523,9.13206638991684,0.03182590349879055
24,25,45,1,0.008632346688624757,1.0133540712004971,1.3680841877933911,4.075763868003298,0.006309806637373707
25,26,46,1,0.01052395392500818,0.5371196132564768,0.7626404684428881,1.079825895617752,0.013799364655399594
26,27,47,1,0.70513899043577,0.9217372827984767,1.4206833288520722,5.810642865787896,0.4963379073403572
27,28,48,1,0.7671599764948512,0.6587414316584314,1.05839853215637,4.1516435087645105,0.724830914997442
28,29,49,1,1.2566994241983707,0.5134070338094304,0.7337524428790847,2.7328804824954767,1.7127022013955497
29,30,50,1,1.3334329867941663,0.2462517920288864,0.4346712184413667,1.1251982087810641,3.0676818022954393
30,31,51,1,1.7133296848596518,0.5635263717122477,0.7787622726536341,1.6070085547583626,2.2000676522521787
31,32,52,1,1.0192772764608957,0.36777619537163675,0.5991013115205175,2.4728987977033974,1.7013437574923227
32,33,53,1,0.9775112259423309,0.645883705575476,1.1160507583707093,2.9460921626123855,0.8758662799256296
33,34,54,1,1.1103802459127243,0.5646859926424272,0.814213169006122,3.4458894642564935,1.3637463605116114
34,35,55,1,1.2891632336986762,0.4980805175938323,0.9753154947203005,1.8768309476184246,1.3217909903793545
35,36,56,1,1.0823675924470766,0.32782213974865254,0.4567472851541502,0.6123747868390157,2.369729668085016
36,37,57,1,1.0342168547323236,0.6367073612277067,1.1491508406372217,2.0030577957753684,0.8999835514707839
37,38,58,1,1.047325789160925,0.4387874044382966,0.7861086887409017,1.599905784948342,1.3322913283637796
38,39,59,1,1.0095086771055863,0.4158995116112423,0.5299011041656685,1.5319958135543275,1.9050888348214747
39,40,60,1,0.8941506977510453,0.26155215783419095,0.5246991001926407,1.361687036101919,1.70412089028314
40,41,61,1,1.415220836583295,0.5018693870203079,0.7140705504640429,2.0097563847353066,1.9819061795275068
41,42,62,1,1.2826018846447307,0.0983035092109037,0.1716689268054521,1.016282363943617,7.4713689222177635
42,43,63,2,41.999517618356606,7.893842714367199,12.814419590882508,32.30384670685557,3.2775200874676655
43,44,64,3,14.39703515749319,2.000191201156499,2.8016369481571135,21.607136920644926,5.138794006469469
44,45,65,2,0.1289222564310597,3.6876096207616933,5.463999959195888,12.19217687287018,0.023594849449821848
45,46,66,1,0.022188434719069478,0.14110611824121813,0.2216121807267773,0.26760869328604026,0.10012281205077488
46,47,67,1,0.016286707762483178,0.2495831306713262,0.3076337113011763,0.7535460016713328,0.05294188238862528
47,48,68,1,0.007186058360914519,0.2927735086541997,0.5717268031528018,1.629824988982244,0.01256904227908648
48,49,69,1,0.0004418984757851801,0.2785097949062996,0.5066256282517608,1.2953220289097167,0.0008722386929182046
49,50,70,1,0.005586035902576071,0.33071164745934556,0.5014928015011619,1.1273394651806794,0.01113881572348577
50,51,71,3,6.722905424636721,16.661295396819142,34.88534081543498,81.52586521389455,0.19271433981984146
51,52,72,3,12.327243873877489,23.569213178064018,40.83479510146015,132.2063445491169,0.3018808798537769
52,53,73,2,12.548005835660703,1.547933404445244,1.8615432994986172,15.490316359622318,6.740646773588532
53,54,74,3,8.378200593697994,27.740143392626344,36.25259102239498,55.04746419079238,0.2311062563368884
54,55,75,3,8.316894420347822,23.457734915497717,57.41573593625654,168.96560986624888,0.14485392000515873
55,56,76,3,5.592430169730796,28.532108802861394,41.113827182610486,80.4302201457212,0.136023098625471
56,57,77,3,2.121946938362936,30.983277863100536,51.81802870595793,220.8353463989866,0.040949974195351034
57,58,78,3,0.38520976390118195,16.769197741335333,26.46834666997637,68.67243795302969,0.014553601277186455
58,59,79,3,0.17524060529905777,5.7396475899413755,13.563622205554505,60.26503657498793,0.012919897254827263
59,60,80,3,1.618150524229777,14.801011974968922,39.69001857329005,98.57654539971665,0.040769709423082355
60,61,81,2,1.252183434175201,3.306076787550785,4.871165144847765,10.862215663719738,0.2570603535171942
61,62,82,1,0.7222673914002818,0.16824461063214816,0.29249381591873114,0.8925534340348507,2.4693424342378663
62,63,83,1,0.06097244950685487,0.06655892585138379,0.11411805379768489,0.29669413170386894,0.5342927562973547
63,64,84,3,14.219412017921114,9.196311126452557,13.335683389497305,24.485833131360813,1.0662679671234396
64,65,85,3,8.344804118244825,7.981681179139596,10.850747957367908,51.70533780952549,0.7690533547577715
65,66,86,2,20.014924461495287,4.373846446390438,9.103778298863078,19.981699652337824,2.1985294242056446
66,67,87,1,0.0034480648036414947,0.6007460019661592,0.8525940276953656,11.53354137827622,0.004044204734769147
67,68,88,2,5.258027149130673,5.7017819761662185,7.7864505016303625,15.878072310806203,0.6752790823019711
68,69,89,2,3.9037194517331377,4.7045755006859995,8.42355700929635,21.39936745893979,0.4634288635341271
69,70,90,2,4.143637869432595,5.250961281567124,7.960637062310426,21.222613798996278,0.5205158628636163
70,71,91,2,3.078423988078168,6.54201654944953,10.438231764117965,20.793418272395634,0.29491814874818467
71,72,92,2,3.264362011369645,6.236365639356478,9.588032655261438,18.650403870737115,0.34046212906652173
72,73,93,2,3.1867095441546156,4.930487293438881,8.72754524008557,15.971772202351712,0.3651324005194582
73,74,94,1,0.0347924734045656,1.2544818049440636,1.4760784601536099,2.890081793372758,0.02357088348877124
74,75,95,1,0.02289302908314052,1.702225658675719,2.2411542104514526,8.976730450141373,0.010214838843476553
75,76,96,1,0.03552981234060069,0.833816282829948,1.3098532716846245,3.0718850897683767,0.027125032328930394
76,77,97,1,0.016130993992930606,0.6748959034713211,1.0056447561565875,2.343630106801522,0.016040449566485752
77,78,98,1,0.0010784143978410088,0.958080419197872,1.617448809429536,5.040346653238462,0.0006667378847194297
78,79,99,1,0.00020332861746261675,1.0728684917046427,1.4427168569493327,4.855661918059564,0.00014093452674599028
79,80,100,3,1.9629005105192112,8.735515977072316,11.336316225908348,55.640633644231784,0.17315153100908928
80,81,101,2,2.142503885928733,3.6201894240064623,5.366757485914576,17.308897852900728,0.3992175706750085
81,82,102,2,0.3935878690944766,7.276922545645492,11.915136997120252,19.678609329087628,0.03303259284300316
82,83,103,1,0.710335421457109,2.1836651341664934,3.725513706735427,8.156122480972801,0.1906677782913213
83,84,104,1,0.5222829745405604,2.6154346032630187,4.623433535662208,8.19437864028679,0.11296430899503662
84,85,105,1,0.6972639432948535,1.8079644334587026,2.1259751260659163,4.838292046690661,0.32797370709841256
85,86,106,1,0.3416486880244456,1.4175181422983147,1.7341404436580417,4.895982726788096,0.19701327494776769
86,87,107,1,0.20645398695292633,1.5301787340839192,2.0594450250713523,3.2259308476396793,0.10024738919446197
87,88,108,1,0.09918760335737693,1.2675146782545723,1.9561882038422542,6.225185241369848,0.05070452994377394
88,89,109,1,0.11088071848423943,0.7680516063916795,1.2565208413840212,2.280380667067307,0.08824423346779313
89,90,110,3,1.3287286439905148,4.607857844718554,8.813388780209095,22.634841451640245,0.15076251339033644
90,91,111,2,1.8290616177564276,3.140644062324019,5.040003313100061,7.1744528868777095,0.3629088125800037
91,92,112,1,0.1021258231211544,1.3801448291098715,1.7308195608769295,3.747284044626193,0.0590043153137302
92,93,113,3,0.7690880584698876,6.580704037740575,9.323198328954021,24.998450992059084,0.0824918693493215
93,94,114,1,0.1461993088718754,1.285063237573154,1.7371666082721604,2.815171130687718,0.0841596356824345
94,95,115,1,0.014814289018560212,0.9280203992393574,1.356273785987772,4.070754414632009,0.010922786513764984
95,96,116,1,0.012019612590129706,0.8050678640964949,1.2604695701087865,7.691646918611981,0.009535821312284705
96,97,117,1,0.015849852941583618,0.5553445341155472,0.9854482147406289,1.6992055970676754,0.01608390243596445
97,98,118,3,4.438336476959086,7.746841743553366,16.12194399776804,39.625226210590476,0.27529784730511037
98,99,119,2,0.44682664289824237,5.5703526802317835,6.818356644210638,13.727340121330448,0.06553289395291988
